train_range,test_range,test_total_profit_pct,best_params
20210826-20211124,20211124-20211224,,"{""params"": {""adx_period"": 10, ""adx_regime_threshold"": 29, ""atr_period"": 11, ""bb_period"": 24, ""bb_std"": 1.839, ""rsi_overbought"": 73, ""rsi_oversold"": 35, ""rsi_period"": 18, ""xrp_adx_period"": 10, ""xrp_adx_regime_threshold"": 18, ""xrp_atr_period"": 15, ""xrp_bb_period"": 21, ""xrp_bb_std"": 2.915, ""xrp_rsi_overbought"": 58, ""xrp_rsi_oversold"": 32, ""xrp_rsi_period"": 12, ""atr_stoploss_multiplier"": 1.608, ""rsi_exit"": 60, ""rsi_exit_short"": 37, ""xrp_atr_stoploss_multiplier"": 2.211, ""xrp_rsi_exit"": 60, ""xrp_rsi_exit_short"": 39}, ""minimal_roi"": {""0"": 0.472, ""458"": 0.153, ""949"": 0.072, ""1920"": 0}, ""stoploss"": -0.28, ""trailing_stop"": false, ""trailing_stop_positive"": null, ""trailing_stop_positive_offset"": 0.0, ""trailing_only_offset_is_reached"": false, ""max_open_trades"": 4}"
20210925-20211224,20211224-20220123,3.21,"{""params"": {""adx_period"": 10, ""adx_regime_threshold"": 24, ""atr_period"": 20, ""bb_period"": 23, ""bb_std"": 1.351, ""rsi_overbought"": 68, ""rsi_oversold"": 39, ""rsi_period"": 11, ""xrp_adx_period"": 11, ""xrp_adx_regime_threshold"": 28, ""xrp_atr_period"": 11, ""xrp_bb_period"": 25, ""xrp_bb_std"": 1.696, ""xrp_rsi_overbought"": 65, ""xrp_rsi_oversold"": 42, ""xrp_rsi_period"": 18, ""atr_stoploss_multiplier"": 2.518, ""rsi_exit"": 67, ""rsi_exit_short"": 45, ""xrp_atr_stoploss_multiplier"": 2.324, ""xrp_rsi_exit"": 62, ""xrp_rsi_exit_short"": 41}, ""minimal_roi"": {""0"": 0.499, ""255"": 0.092, ""673"": 0.066, ""2000"": 0}, ""stoploss"": -0.275, ""trailing_stop"": false, ""trailing_stop_positive"": null, ""trailing_stop_positive_offset"": 0.0, ""trailing_only_offset_is_reached"": false, ""max_open_trades"": 4}"
20211025-20220123,20220123-20220222,3.84,"{""params"": {""adx_period"": 20, ""adx_regime_threshold"": 19, ""atr_period"": 19, ""bb_period"": 25, ""bb_std"": 1.952, ""rsi_overbought"": 61, ""rsi_oversold"": 35, ""rsi_period"": 16, ""xrp_adx_period"": 12, ""xrp_adx_regime_threshold"": 23, ""xrp_atr_period"": 10, ""xrp_bb_period"": 21, ""xrp_bb_std"": 1.664, ""xrp_rsi_overbought"": 60, ""xrp_rsi_oversold"": 34, ""xrp_rsi_period"": 14, ""atr_stoploss_multiplier"": 2.13, ""rsi_exit"": 55, ""rsi_exit_short"": 33, ""xrp_atr_stoploss_multiplier"": 2.897, ""xrp_rsi_exit"": 58, ""xrp_rsi_exit_short"": 34}, ""minimal_roi"": {""0"": 0.429, ""341"": 0.138, ""475"": 0.066, ""1136"": 0}, ""stoploss"": -0.25, ""trailing_stop"": false, ""trailing_stop_positive"": null, ""trailing_stop_positive_offset"": 0.0, ""trailing_only_offset_is_reached"": false, ""max_open_trades"": 4}"
20211124-20220222,20220222-20220324,2.86,"{""params"": {""adx_period"": 15, ""adx_regime_threshold"": 22, ""atr_period"": 14, ""bb_period"": 21, ""bb_std"": 1.573, ""rsi_overbought"": 57, ""rsi_oversold"": 41, ""rsi_period"": 17, ""xrp_adx_period"": 14, ""xrp_adx_regime_threshold"": 21, ""xrp_atr_period"": 16, ""xrp_bb_period"": 15, ""xrp_bb_std"": 1.679, ""xrp_rsi_overbought"": 59, ""xrp_rsi_oversold"": 30, ""xrp_rsi_period"": 10, ""atr_stoploss_multiplier"": 2.132, ""rsi_exit"": 70, ""rsi_exit_short"": 43, ""xrp_atr_stoploss_multiplier"": 2.975, ""xrp_rsi_exit"": 65, ""xrp_rsi_exit_short"": 44}, ""minimal_roi"": {""0"": 0.335, ""173"": 0.203, ""828"": 0.067, ""1673"": 0}, ""stoploss"": -0.235, ""trailing_stop"": false, ""trailing_stop_positive"": null, ""trailing_stop_positive_offset"": 0.0, ""trailing_only_offset_is_reached"": false, ""max_open_trades"": 4}"
20211224-20220324,20220324-20220423,0.57,"{""params"": {""adx_period"": 11, ""adx_regime_threshold"": 29, ""atr_period"": 14, ""bb_period"": 22, ""bb_std"": 2.754, ""rsi_overbought"": 58, ""rsi_oversold"": 36, ""rsi_period"": 17, ""xrp_adx_period"": 12, ""xrp_adx_regime_threshold"": 29, ""xrp_atr_period"": 18, ""xrp_bb_period"": 25, ""xrp_bb_std"": 2.66, ""xrp_rsi_overbought"": 60, ""xrp_rsi_oversold"": 31, ""xrp_rsi_period"": 15, ""atr_stoploss_multiplier"": 1.67, ""rsi_exit"": 56, ""rsi_exit_short"": 42, ""xrp_atr_stoploss_multiplier"": 2.034, ""xrp_rsi_exit"": 61, ""xrp_rsi_exit_short"": 41}, ""minimal_roi"": {""0"": 0.296, ""224"": 0.139, ""738"": 0.079, ""1319"": 0}, ""stoploss"": -0.082, ""trailing_stop"": false, ""trailing_stop_positive"": null, ""trailing_stop_positive_offset"": 0.0, ""trailing_only_offset_is_reached"": false, ""max_open_trades"": 4}"
20220123-20220423,20220423-20220523,0.77,"{""params"": {""adx_period"": 18, ""adx_regime_threshold"": 31, ""atr_period"": 11, ""bb_period"": 15, ""bb_std"": 1.29, ""rsi_overbought"": 62, ""rsi_oversold"": 38, ""rsi_period"": 13, ""xrp_adx_period"": 16, ""xrp_adx_regime_threshold"": 33, ""xrp_atr_period"": 20, ""xrp_bb_period"": 25, ""xrp_bb_std"": 2.958, ""xrp_rsi_overbought"": 65, ""xrp_rsi_oversold"": 39, ""xrp_rsi_period"": 17, ""atr_stoploss_multiplier"": 1.676, ""rsi_exit"": 60, ""rsi_exit_short"": 34, ""xrp_atr_stoploss_multiplier"": 1.333, ""xrp_rsi_exit"": 56, ""xrp_rsi_exit_short"": 30}, ""minimal_roi"": {""0"": 0.21, ""273"": 0.103, ""484"": 0.066, ""1537"": 0}, ""stoploss"": -0.119, ""trailing_stop"": false, ""trailing_stop_positive"": null, ""trailing_stop_positive_offset"": 0.0, ""trailing_only_offset_is_reached"": false, ""max_open_trades"": 4}"
20220222-20220523,20220523-20220622,2.21,"{""params"": {""adx_period"": 16, ""adx_regime_threshold"": 33, ""atr_period"": 16, ""bb_period"": 23, ""bb_std"": 1.714, ""rsi_overbought"": 72, ""rsi_oversold"": 31, ""rsi_period"": 17, ""xrp_adx_period"": 13, ""xrp_adx_regime_threshold"": 25, ""xrp_atr_period"": 20, ""xrp_bb_period"": 20, ""xrp_bb_std"": 1.674, ""xrp_rsi_overbought"": 73, ""xrp_rsi_oversold"": 34, ""xrp_rsi_period"": 10, ""atr_stoploss_multiplier"": 2.803, ""rsi_exit"": 70, ""rsi_exit_short"": 31, ""xrp_atr_stoploss_multiplier"": 2.228, ""xrp_rsi_exit"": 66, ""xrp_rsi_exit_short"": 44}, ""minimal_roi"": {""0"": 0.534, ""407"": 0.134, ""577"": 0.08, ""1901"": 0}, ""stoploss"": -0.143, ""trailing_stop"": false, ""trailing_stop_positive"": null, ""trailing_stop_positive_offset"": 0.0, ""trailing_only_offset_is_reached"": false, ""max_open_trades"": 4}"
20220324-20220622,20220622-20220722,,"{""params"": {""adx_period"": 10, ""adx_regime_threshold"": 18, ""atr_period"": 10, ""bb_period"": 25, ""bb_std"": 2.05, ""rsi_overbought"": 67, ""rsi_oversold"": 32, ""rsi_period"": 13, ""xrp_adx_period"": 15, ""xrp_adx_regime_threshold"": 29, ""xrp_atr_period"": 13, ""xrp_bb_period"": 18, ""xrp_bb_std"": 1.375, ""xrp_rsi_overbought"": 67, ""xrp_rsi_oversold"": 28, ""xrp_rsi_period"": 18, ""atr_stoploss_multiplier"": 1.597, ""rsi_exit"": 69, ""rsi_exit_short"": 31, ""xrp_atr_stoploss_multiplier"": 1.837, ""xrp_rsi_exit"": 58, ""xrp_rsi_exit_short"": 33}, ""minimal_roi"": {""0"": 0.506, ""370"": 0.16, ""507"": 0.039, ""1933"": 0}, ""stoploss"": -0.339, ""trailing_stop"": false, ""trailing_stop_positive"": null, ""trailing_stop_positive_offset"": 0.0, ""trailing_only_offset_is_reached"": false, ""max_open_trades"": 4}"
20220423-20220722,20220722-20220821,0.96,"{""params"": {""adx_period"": 12, ""adx_regime_threshold"": 18, ""atr_period"": 15, ""bb_period"": 22, ""bb_std"": 1.887, ""rsi_overbought"": 55, ""rsi_oversold"": 29, ""rsi_period"": 16, ""xrp_adx_period"": 10, ""xrp_adx_regime_threshold"": 23, ""xrp_atr_period"": 19, ""xrp_bb_period"": 18, ""xrp_bb_std"": 2.943, ""xrp_rsi_overbought"": 71, ""xrp_rsi_oversold"": 29, ""xrp_rsi_period"": 15, ""atr_stoploss_multiplier"": 1.265, ""rsi_exit"": 62, ""rsi_exit_short"": 43, ""xrp_atr_stoploss_multiplier"": 2.371, ""xrp_rsi_exit"": 63, ""xrp_rsi_exit_short"": 41}, ""minimal_roi"": {""0"": 0.358, ""434"": 0.126, ""870"": 0.055, ""1521"": 0}, ""stoploss"": -0.279, ""trailing_stop"": false, ""trailing_stop_positive"": null, ""trailing_stop_positive_offset"": 0.0, ""trailing_only_offset_is_reached"": false, ""max_open_trades"": 4}"
20220523-20220821,20220821-20220920,5.78,"{""params"": {""adx_period"": 19, ""adx_regime_threshold"": 21, ""atr_period"": 12, ""bb_period"": 17, ""bb_std"": 2.185, ""rsi_overbought"": 55, ""rsi_oversold"": 26, ""rsi_period"": 10, ""xrp_adx_period"": 19, ""xrp_adx_regime_threshold"": 28, ""xrp_atr_period"": 12, ""xrp_bb_period"": 22, ""xrp_bb_std"": 2.304, ""xrp_rsi_overbought"": 58, ""xrp_rsi_oversold"": 28, ""xrp_rsi_period"": 13, ""atr_stoploss_multiplier"": 1.784, ""rsi_exit"": 68, ""rsi_exit_short"": 38, ""xrp_atr_stoploss_multiplier"": 2.618, ""xrp_rsi_exit"": 67, ""xrp_rsi_exit_short"": 36}, ""minimal_roi"": {""0"": 0.568, ""252"": 0.154, ""498"": 0.054, ""1421"": 0}, ""stoploss"": -0.284, ""trailing_stop"": false, ""trailing_stop_positive"": null, ""trailing_stop_positive_offset"": 0.0, ""trailing_only_offset_is_reached"": false, ""max_open_trades"": 4}"
20220622-20220920,20220920-20221020,0.98,"{""params"": {""adx_period"": 14, ""adx_regime_threshold"": 31, ""atr_period"": 20, ""bb_period"": 22, ""bb_std"": 1.609, ""rsi_overbought"": 61, ""rsi_oversold"": 29, ""rsi_period"": 12, ""xrp_adx_period"": 20, ""xrp_adx_regime_threshold"": 34, ""xrp_atr_period"": 13, ""xrp_bb_period"": 22, ""xrp_bb_std"": 1.304, ""xrp_rsi_overbought"": 63, ""xrp_rsi_oversold"": 27, ""xrp_rsi_period"": 15, ""atr_stoploss_multiplier"": 2.962, ""rsi_exit"": 57, ""rsi_exit_short"": 35, ""xrp_atr_stoploss_multiplier"": 1.803, ""xrp_rsi_exit"": 69, ""xrp_rsi_exit_short"": 44}, ""minimal_roi"": {""0"": 0.508, ""257"": 0.147, ""807"": 0.062, ""1549"": 0}, ""stoploss"": -0.312, ""trailing_stop"": false, ""trailing_stop_positive"": null, ""trailing_stop_positive_offset"": 0.0, ""trailing_only_offset_is_reached"": false, ""max_open_trades"": 4}"
20220722-20221020,20221020-20221119,1.31,"{""params"": {""adx_period"": 11, ""adx_regime_threshold"": 33, ""atr_period"": 19, ""bb_period"": 20, ""bb_std"": 2.292, ""rsi_overbought"": 66, ""rsi_oversold"": 37, ""rsi_period"": 17, ""xrp_adx_period"": 18, ""xrp_adx_regime_threshold"": 23, ""xrp_atr_period"": 14, ""xrp_bb_period"": 18, ""xrp_bb_std"": 1.791, ""xrp_rsi_overbought"": 63, ""xrp_rsi_oversold"": 41, ""xrp_rsi_period"": 14, ""atr_stoploss_multiplier"": 1.645, ""rsi_exit"": 61, ""rsi_exit_short"": 44, ""xrp_atr_stoploss_multiplier"": 1.394, ""xrp_rsi_exit"": 70, ""xrp_rsi_exit_short"": 35}, ""minimal_roi"": {""0"": 0.469, ""374"": 0.185, ""920"": 0.054, ""1900"": 0}, ""stoploss"": -0.083, ""trailing_stop"": false, ""trailing_stop_positive"": null, ""trailing_stop_positive_offset"": 0.0, ""trailing_only_offset_is_reached"": false, ""max_open_trades"": 4}"
20220821-20221119,20221119-20221219,1.45,"{""params"": {""adx_period"": 15, ""adx_regime_threshold"": 35, ""atr_period"": 15, ""bb_period"": 23, ""bb_std"": 2.7, ""rsi_overbought"": 55, ""rsi_oversold"": 41, ""rsi_period"": 10, ""xrp_adx_period"": 14, ""xrp_adx_regime_threshold"": 19, ""xrp_atr_period"": 19, ""xrp_bb_period"": 16, ""xrp_bb_std"": 2.556, ""xrp_rsi_overbought"": 59, ""xrp_rsi_oversold"": 44, ""xrp_rsi_period"": 11, ""atr_stoploss_multiplier"": 2.426, ""rsi_exit"": 70, ""rsi_exit_short"": 44, ""xrp_atr_stoploss_multiplier"": 1.31, ""xrp_rsi_exit"": 63, ""xrp_rsi_exit_short"": 30}, ""minimal_roi"": {""0"": 0.28, ""211"": 0.11, ""765"": 0.034, ""1580"": 0}, ""stoploss"": -0.333, ""trailing_stop"": false, ""trailing_stop_positive"": null, ""trailing_stop_positive_offset"": 0.0, ""trailing_only_offset_is_reached"": false, ""max_open_trades"": 4}"
20220920-20221219,20221219-20230118,5.0,"{""params"": {""adx_period"": 15, ""adx_regime_threshold"": 34, ""atr_period"": 18, ""bb_period"": 15, ""bb_std"": 2.578, ""rsi_overbought"": 59, ""rsi_oversold"": 39, ""rsi_period"": 13, ""xrp_adx_period"": 18, ""xrp_adx_regime_threshold"": 32, ""xrp_atr_period"": 13, ""xrp_bb_period"": 15, ""xrp_bb_std"": 2.507, ""xrp_rsi_overbought"": 59, ""xrp_rsi_oversold"": 45, ""xrp_rsi_period"": 14, ""atr_stoploss_multiplier"": 2.866, ""rsi_exit"": 69, ""rsi_exit_short"": 32, ""xrp_atr_stoploss_multiplier"": 1.296, ""xrp_rsi_exit"": 68, ""xrp_rsi_exit_short"": 30}, ""minimal_roi"": {""0"": 0.266, ""322"": 0.114, ""719"": 0.038, ""1731"": 0}, ""stoploss"": -0.093, ""trailing_stop"": false, ""trailing_stop_positive"": null, ""trailing_stop_positive_offset"": 0.0, ""trailing_only_offset_is_reached"": false, ""max_open_trades"": 4}"
20221020-20230118,20230118-20230217,2.29,"{""params"": {""adx_period"": 10, ""adx_regime_threshold"": 29, ""atr_period"": 10, ""bb_period"": 23, ""bb_std"": 2.52, ""rsi_overbought"": 59, ""rsi_oversold"": 37, ""rsi_period"": 17, ""xrp_adx_period"": 13, ""xrp_adx_regime_threshold"": 26, ""xrp_atr_period"": 10, ""xrp_bb_period"": 20, ""xrp_bb_std"": 2.407, ""xrp_rsi_overbought"": 63, ""xrp_rsi_oversold"": 45, ""xrp_rsi_period"": 18, ""atr_stoploss_multiplier"": 2.229, ""rsi_exit"": 66, ""rsi_exit_short"": 34, ""xrp_atr_stoploss_multiplier"": 1.649, ""xrp_rsi_exit"": 63, ""xrp_rsi_exit_short"": 36}, ""minimal_roi"": {""0"": 0.666, ""478"": 0.223, ""598"": 0.087, ""1116"": 0}, ""stoploss"": -0.149, ""trailing_stop"": false, ""trailing_stop_positive"": null, ""trailing_stop_positive_offset"": 0.0, ""trailing_only_offset_is_reached"": false, ""max_open_trades"": 4}"
20221119-20230217,20230217-20230319,1.04,"{""params"": {""adx_period"": 12, ""adx_regime_threshold"": 22, ""atr_period"": 20, ""bb_period"": 17, ""bb_std"": 1.455, ""rsi_overbought"": 66, ""rsi_oversold"": 38, ""rsi_period"": 14, ""xrp_adx_period"": 16, ""xrp_adx_regime_threshold"": 25, ""xrp_atr_period"": 15, ""xrp_bb_period"": 16, ""xrp_bb_std"": 1.416, ""xrp_rsi_overbought"": 64, ""xrp_rsi_oversold"": 38, ""xrp_rsi_period"": 12, ""atr_stoploss_multiplier"": 1.377, ""rsi_exit"": 58, ""rsi_exit_short"": 44, ""xrp_atr_stoploss_multiplier"": 2.176, ""xrp_rsi_exit"": 60, ""xrp_rsi_exit_short"": 43}, ""minimal_roi"": {""0"": 0.297, ""219"": 0.095, ""882"": 0.054, ""2233"": 0}, ""stoploss"": -0.291, ""trailing_stop"": false, ""trailing_stop_positive"": null, ""trailing_stop_positive_offset"": 0.0, ""trailing_only_offset_is_reached"": false, ""max_open_trades"": 4}"
20221219-20230319,20230319-20230418,1.82,"{""params"": {""adx_period"": 20, ""adx_regime_threshold"": 22, ""atr_period"": 17, ""bb_period"": 19, ""bb_std"": 2.183, ""rsi_overbought"": 62, ""rsi_oversold"": 39, ""rsi_period"": 15, ""xrp_adx_period"": 18, ""xrp_adx_regime_threshold"": 21, ""xrp_atr_period"": 11, ""xrp_bb_period"": 22, ""xrp_bb_std"": 2.788, ""xrp_rsi_overbought"": 56, ""xrp_rsi_oversold"": 31, ""xrp_rsi_period"": 15, ""atr_stoploss_multiplier"": 1.811, ""rsi_exit"": 65, ""rsi_exit_short"": 41, ""xrp_atr_stoploss_multiplier"": 1.248, ""xrp_rsi_exit"": 62, ""xrp_rsi_exit_short"": 37}, ""minimal_roi"": {""0"": 0.517, ""307"": 0.195, ""756"": 0.063, ""1090"": 0}, ""stoploss"": -0.059, ""trailing_stop"": false, ""trailing_stop_positive"": null, ""trailing_stop_positive_offset"": 0.0, ""trailing_only_offset_is_reached"": false, ""max_open_trades"": 4}"
20230118-20230418,20230418-20230518,4.55,"{""params"": {""adx_period"": 14, ""adx_regime_threshold"": 29, ""atr_period"": 12, ""bb_period"": 17, ""bb_std"": 1.996, ""rsi_overbought"": 59, ""rsi_oversold"": 25, ""rsi_period"": 18, ""xrp_adx_period"": 13, ""xrp_adx_regime_threshold"": 26, ""xrp_atr_period"": 11, ""xrp_bb_period"": 25, ""xrp_bb_std"": 2.725, ""xrp_rsi_overbought"": 73, ""xrp_rsi_oversold"": 29, ""xrp_rsi_period"": 20, ""atr_stoploss_multiplier"": 1.79, ""rsi_exit"": 56, ""rsi_exit_short"": 44, ""xrp_atr_stoploss_multiplier"": 1.72, ""xrp_rsi_exit"": 68, ""xrp_rsi_exit_short"": 39}, ""minimal_roi"": {""0"": 0.472, ""396"": 0.236, ""582"": 0.09, ""1901"": 0}, ""stoploss"": -0.336, ""trailing_stop"": false, ""trailing_stop_positive"": null, ""trailing_stop_positive_offset"": 0.0, ""trailing_only_offset_is_reached"": false, ""max_open_trades"": 4}"
20230217-20230518,20230518-20230617,0.94,"{""params"": {""adx_period"": 16, ""adx_regime_threshold"": 34, ""atr_period"": 20, ""bb_period"": 18, ""bb_std"": 1.869, ""rsi_overbought"": 61, ""rsi_oversold"": 26, ""rsi_period"": 19, ""xrp_adx_period"": 18, ""xrp_adx_regime_threshold"": 22, ""xrp_atr_period"": 14, ""xrp_bb_period"": 16, ""xrp_bb_std"": 1.927, ""xrp_rsi_overbought"": 74, ""xrp_rsi_oversold"": 38, ""xrp_rsi_period"": 16, ""atr_stoploss_multiplier"": 1.82, ""rsi_exit"": 60, ""rsi_exit_short"": 45, ""xrp_atr_stoploss_multiplier"": 1.99, ""xrp_rsi_exit"": 57, ""xrp_rsi_exit_short"": 39}, ""minimal_roi"": {""0"": 0.568, ""296"": 0.163, ""757"": 0.06, ""2014"": 0}, ""stoploss"": -0.291, ""trailing_stop"": false, ""trailing_stop_positive"": null, ""trailing_stop_positive_offset"": 0.0, ""trailing_only_offset_is_reached"": false, ""max_open_trades"": 4}"
20230319-20230617,20230617-20230717,0.24,"{""params"": {""adx_period"": 19, ""adx_regime_threshold"": 25, ""atr_period"": 10, ""bb_period"": 21, ""bb_std"": 2.817, ""rsi_overbought"": 69, ""rsi_oversold"": 41, ""rsi_period"": 13, ""xrp_adx_period"": 19, ""xrp_adx_regime_threshold"": 18, ""xrp_atr_period"": 11, ""xrp_bb_period"": 17, ""xrp_bb_std"": 1.698, ""xrp_rsi_overbought"": 62, ""xrp_rsi_oversold"": 39, ""xrp_rsi_period"": 10, ""atr_stoploss_multiplier"": 2.279, ""rsi_exit"": 70, ""rsi_exit_short"": 43, ""xrp_atr_stoploss_multiplier"": 2.968, ""xrp_rsi_exit"": 61, ""xrp_rsi_exit_short"": 30}, ""minimal_roi"": {""0"": 0.401, ""156"": 0.114, ""867"": 0.033, ""1129"": 0}, ""stoploss"": -0.338, ""trailing_stop"": false, ""trailing_stop_positive"": null, ""trailing_stop_positive_offset"": 0.0, ""trailing_only_offset_is_reached"": false, ""max_open_trades"": 4}"
20230418-20230717,20230717-20230816,,"{""params"": {""adx_period"": 16, ""adx_regime_threshold"": 22, ""atr_period"": 15, ""bb_period"": 17, ""bb_std"": 2.149, ""rsi_overbought"": 68, ""rsi_oversold"": 28, ""rsi_period"": 11, ""xrp_adx_period"": 19, ""xrp_adx_regime_threshold"": 19, ""xrp_atr_period"": 19, ""xrp_bb_period"": 16, ""xrp_bb_std"": 2.835, ""xrp_rsi_overbought"": 67, ""xrp_rsi_oversold"": 37, ""xrp_rsi_period"": 18, ""atr_stoploss_multiplier"": 2.042, ""rsi_exit"": 65, ""rsi_exit_short"": 43, ""xrp_atr_stoploss_multiplier"": 2.622, ""xrp_rsi_exit"": 66, ""xrp_rsi_exit_short"": 36}, ""minimal_roi"": {""0"": 0.563, ""262"": 0.219, ""733"": 0.063, ""933"": 0}, ""stoploss"": -0.304, ""trailing_stop"": false, ""trailing_stop_positive"": null, ""trailing_stop_positive_offset"": 0.0, ""trailing_only_offset_is_reached"": false, ""max_open_trades"": 4}"
20230518-20230816,20230816-20230915,,"{""params"": {""adx_period"": 14, ""adx_regime_threshold"": 31, ""atr_period"": 19, ""bb_period"": 25, ""bb_std"": 2.766, ""rsi_overbought"": 66, ""rsi_oversold"": 38, ""rsi_period"": 18, ""xrp_adx_period"": 11, ""xrp_adx_regime_threshold"": 25, ""xrp_atr_period"": 14, ""xrp_bb_period"": 16, ""xrp_bb_std"": 1.76, ""xrp_rsi_overbought"": 64, ""xrp_rsi_oversold"": 36, ""xrp_rsi_period"": 19, ""atr_stoploss_multiplier"": 2.148, ""rsi_exit"": 57, ""rsi_exit_short"": 30, ""xrp_atr_stoploss_multiplier"": 2.77, ""xrp_rsi_exit"": 55, ""xrp_rsi_exit_short"": 40}, ""minimal_roi"": {""0"": 0.52, ""398"": 0.103, ""1001"": 0.071, ""2311"": 0}, ""stoploss"": -0.037, ""trailing_stop"": false, ""trailing_stop_positive"": null, ""trailing_stop_positive_offset"": 0.0, ""trailing_only_offset_is_reached"": false, ""max_open_trades"": 4}"
20230617-20230915,20230915-20231015,0.44,"{""params"": {""adx_period"": 11, ""adx_regime_threshold"": 22, ""atr_period"": 17, ""bb_period"": 24, ""bb_std"": 1.397, ""rsi_overbought"": 70, ""rsi_oversold"": 31, ""rsi_period"": 12, ""xrp_adx_period"": 11, ""xrp_adx_regime_threshold"": 22, ""xrp_atr_period"": 13, ""xrp_bb_period"": 22, ""xrp_bb_std"": 2.51, ""xrp_rsi_overbought"": 57, ""xrp_rsi_oversold"": 40, ""xrp_rsi_period"": 12, ""atr_stoploss_multiplier"": 1.404, ""rsi_exit"": 56, ""rsi_exit_short"": 42, ""xrp_atr_stoploss_multiplier"": 1.394, ""xrp_rsi_exit"": 68, ""xrp_rsi_exit_short"": 35}, ""minimal_roi"": {""0"": 0.383, ""439"": 0.12, ""676"": 0.029, ""2062"": 0}, ""stoploss"": -0.235, ""trailing_stop"": false, ""trailing_stop_positive"": null, ""trailing_stop_positive_offset"": 0.0, ""trailing_only_offset_is_reached"": false, ""max_open_trades"": 4}"
20230717-20231015,20231015-20231114,1.21,"{""params"": {""adx_period"": 13, ""adx_regime_threshold"": 22, ""atr_period"": 20, ""bb_period"": 19, ""bb_std"": 1.655, ""rsi_overbought"": 65, ""rsi_oversold"": 30, ""rsi_period"": 20, ""xrp_adx_period"": 19, ""xrp_adx_regime_threshold"": 23, ""xrp_atr_period"": 19, ""xrp_bb_period"": 22, ""xrp_bb_std"": 2.015, ""xrp_rsi_overbought"": 56, ""xrp_rsi_oversold"": 37, ""xrp_rsi_period"": 12, ""atr_stoploss_multiplier"": 2.237, ""rsi_exit"": 58, ""rsi_exit_short"": 43, ""xrp_atr_stoploss_multiplier"": 2.778, ""xrp_rsi_exit"": 65, ""xrp_rsi_exit_short"": 44}, ""minimal_roi"": {""0"": 0.519, ""374"": 0.105, ""763"": 0.062, ""1225"": 0}, ""stoploss"": -0.155, ""trailing_stop"": false, ""trailing_stop_positive"": null, ""trailing_stop_positive_offset"": 0.0, ""trailing_only_offset_is_reached"": false, ""max_open_trades"": 4}"
20230816-20231114,20231114-20231214,2.91,"{""params"": {""adx_period"": 15, ""adx_regime_threshold"": 29, ""atr_period"": 15, ""bb_period"": 17, ""bb_std"": 2.295, ""rsi_overbought"": 57, ""rsi_oversold"": 26, ""rsi_period"": 12, ""xrp_adx_period"": 18, ""xrp_adx_regime_threshold"": 29, ""xrp_atr_period"": 17, ""xrp_bb_period"": 19, ""xrp_bb_std"": 2.645, ""xrp_rsi_overbought"": 70, ""xrp_rsi_oversold"": 32, ""xrp_rsi_period"": 13, ""atr_stoploss_multiplier"": 2.515, ""rsi_exit"": 67, ""rsi_exit_short"": 37, ""xrp_atr_stoploss_multiplier"": 2.257, ""xrp_rsi_exit"": 69, ""xrp_rsi_exit_short"": 34}, ""minimal_roi"": {""0"": 0.496, ""190"": 0.157, ""810"": 0.054, ""1721"": 0}, ""stoploss"": -0.267, ""trailing_stop"": false, ""trailing_stop_positive"": null, ""trailing_stop_positive_offset"": 0.0, ""trailing_only_offset_is_reached"": false, ""max_open_trades"": 4}"
20230915-20231214,20231214-20240113,,"{""params"": {""adx_period"": 15, ""adx_regime_threshold"": 27, ""atr_period"": 15, ""bb_period"": 25, ""bb_std"": 2.748, ""rsi_overbought"": 70, ""rsi_oversold"": 37, ""rsi_period"": 14, ""xrp_adx_period"": 15, ""xrp_adx_regime_threshold"": 20, ""xrp_atr_period"": 14, ""xrp_bb_period"": 20, ""xrp_bb_std"": 1.721, ""xrp_rsi_overbought"": 65, ""xrp_rsi_oversold"": 29, ""xrp_rsi_period"": 19, ""atr_stoploss_multiplier"": 2.727, ""rsi_exit"": 57, ""rsi_exit_short"": 44, ""xrp_atr_stoploss_multiplier"": 2.815, ""xrp_rsi_exit"": 57, ""xrp_rsi_exit_short"": 43}, ""minimal_roi"": {""0"": 0.368, ""283"": 0.201, ""526"": 0.087, ""1591"": 0}, ""stoploss"": -0.232, ""trailing_stop"": false, ""trailing_stop_positive"": null, ""trailing_stop_positive_offset"": 0.0, ""trailing_only_offset_is_reached"": false, ""max_open_trades"": 4}"
20231015-20240113,20240113-20240212,1.13,"{""params"": {""adx_period"": 13, ""adx_regime_threshold"": 26, ""atr_period"": 13, ""bb_period"": 17, ""bb_std"": 2.783, ""rsi_overbought"": 61, ""rsi_oversold"": 36, ""rsi_period"": 18, ""xrp_adx_period"": 20, ""xrp_adx_regime_threshold"": 25, ""xrp_atr_period"": 11, ""xrp_bb_period"": 16, ""xrp_bb_std"": 1.259, ""xrp_rsi_overbought"": 65, ""xrp_rsi_oversold"": 30, ""xrp_rsi_period"": 12, ""atr_stoploss_multiplier"": 1.503, ""rsi_exit"": 64, ""rsi_exit_short"": 37, ""xrp_atr_stoploss_multiplier"": 2.205, ""xrp_rsi_exit"": 63, ""xrp_rsi_exit_short"": 34}, ""minimal_roi"": {""0"": 0.508, ""180"": 0.117, ""736"": 0.06, ""2081"": 0}, ""stoploss"": -0.071, ""trailing_stop"": false, ""trailing_stop_positive"": null, ""trailing_stop_positive_offset"": 0.0, ""trailing_only_offset_is_reached"": false, ""max_open_trades"": 4}"
20231114-20240212,20240212-20240313,,"{""params"": {""adx_period"": 10, ""adx_regime_threshold"": 28, ""atr_period"": 19, ""bb_period"": 16, ""bb_std"": 2.491, ""rsi_overbought"": 70, ""rsi_oversold"": 31, ""rsi_period"": 16, ""xrp_adx_period"": 11, ""xrp_adx_regime_threshold"": 31, ""xrp_atr_period"": 14, ""xrp_bb_period"": 18, ""xrp_bb_std"": 2.982, ""xrp_rsi_overbought"": 70, ""xrp_rsi_oversold"": 37, ""xrp_rsi_period"": 19, ""atr_stoploss_multiplier"": 2.699, ""rsi_exit"": 56, ""rsi_exit_short"": 31, ""xrp_atr_stoploss_multiplier"": 1.991, ""xrp_rsi_exit"": 64, ""xrp_rsi_exit_short"": 35}, ""minimal_roi"": {""0"": 0.255, ""229"": 0.173, ""766"": 0.055, ""1205"": 0}, ""stoploss"": -0.03, ""trailing_stop"": false, ""trailing_stop_positive"": null, ""trailing_stop_positive_offset"": 0.0, ""trailing_only_offset_is_reached"": false, ""max_open_trades"": 4}"
20231214-20240313,20240313-20240412,2.23,"{""params"": {""adx_period"": 11, ""adx_regime_threshold"": 30, ""atr_period"": 20, ""bb_period"": 18, ""bb_std"": 2.976, ""rsi_overbought"": 65, ""rsi_oversold"": 40, ""rsi_period"": 14, ""xrp_adx_period"": 18, ""xrp_adx_regime_threshold"": 30, ""xrp_atr_period"": 13, ""xrp_bb_period"": 18, ""xrp_bb_std"": 2.448, ""xrp_rsi_overbought"": 75, ""xrp_rsi_oversold"": 30, ""xrp_rsi_period"": 19, ""atr_stoploss_multiplier"": 2.055, ""rsi_exit"": 63, ""rsi_exit_short"": 31, ""xrp_atr_stoploss_multiplier"": 2.374, ""xrp_rsi_exit"": 55, ""xrp_rsi_exit_short"": 31}, ""minimal_roi"": {""0"": 0.296, ""312"": 0.069, ""521"": 0.046, ""1267"": 0}, ""stoploss"": -0.214, ""trailing_stop"": false, ""trailing_stop_positive"": null, ""trailing_stop_positive_offset"": 0.0, ""trailing_only_offset_is_reached"": false, ""max_open_trades"": 4}"
20240113-20240412,20240412-20240512,1.05,"{""params"": {""adx_period"": 18, ""adx_regime_threshold"": 31, ""atr_period"": 10, ""bb_period"": 25, ""bb_std"": 1.753, ""rsi_overbought"": 64, ""rsi_oversold"": 43, ""rsi_period"": 12, ""xrp_adx_period"": 12, ""xrp_adx_regime_threshold"": 28, ""xrp_atr_period"": 13, ""xrp_bb_period"": 23, ""xrp_bb_std"": 1.379, ""xrp_rsi_overbought"": 62, ""xrp_rsi_oversold"": 44, ""xrp_rsi_period"": 15, ""atr_stoploss_multiplier"": 1.244, ""rsi_exit"": 57, ""rsi_exit_short"": 45, ""xrp_atr_stoploss_multiplier"": 1.295, ""xrp_rsi_exit"": 58, ""xrp_rsi_exit_short"": 30}, ""minimal_roi"": {""0"": 0.571, ""163"": 0.202, ""635"": 0.083, ""1459"": 0}, ""stoploss"": -0.3, ""trailing_stop"": false, ""trailing_stop_positive"": null, ""trailing_stop_positive_offset"": 0.0, ""trailing_only_offset_is_reached"": false, ""max_open_trades"": 4}"
20240212-20240512,20240512-20240611,,"{""params"": {""adx_period"": 17, ""adx_regime_threshold"": 35, ""atr_period"": 19, ""bb_period"": 18, ""bb_std"": 1.997, ""rsi_overbought"": 65, ""rsi_oversold"": 29, ""rsi_period"": 19, ""xrp_adx_period"": 19, ""xrp_adx_regime_threshold"": 25, ""xrp_atr_period"": 14, ""xrp_bb_period"": 15, ""xrp_bb_std"": 2.08, ""xrp_rsi_overbought"": 72, ""xrp_rsi_oversold"": 27, ""xrp_rsi_period"": 14, ""atr_stoploss_multiplier"": 1.613, ""rsi_exit"": 64, ""rsi_exit_short"": 36, ""xrp_atr_stoploss_multiplier"": 1.912, ""xrp_rsi_exit"": 67, ""xrp_rsi_exit_short"": 35}, ""minimal_roi"": {""0"": 0.259, ""225"": 0.139, ""383"": 0.027, ""1546"": 0}, ""stoploss"": -0.214, ""trailing_stop"": false, ""trailing_stop_positive"": null, ""trailing_stop_positive_offset"": 0.0, ""trailing_only_offset_is_reached"": false, ""max_open_trades"": 4}"
20240313-20240611,20240611-20240711,0.87,"{""params"": {""adx_period"": 12, ""adx_regime_threshold"": 28, ""atr_period"": 18, ""bb_period"": 23, ""bb_std"": 1.63, ""rsi_overbought"": 62, ""rsi_oversold"": 27, ""rsi_period"": 12, ""xrp_adx_period"": 16, ""xrp_adx_regime_threshold"": 35, ""xrp_atr_period"": 16, ""xrp_bb_period"": 15, ""xrp_bb_std"": 1.307, ""xrp_rsi_overbought"": 63, ""xrp_rsi_oversold"": 38, ""xrp_rsi_period"": 13, ""atr_stoploss_multiplier"": 2.737, ""rsi_exit"": 60, ""rsi_exit_short"": 41, ""xrp_atr_stoploss_multiplier"": 1.689, ""xrp_rsi_exit"": 61, ""xrp_rsi_exit_short"": 40}, ""minimal_roi"": {""0"": 0.484, ""456"": 0.236, ""827"": 0.084, ""1107"": 0}, ""stoploss"": -0.071, ""trailing_stop"": false, ""trailing_stop_positive"": null, ""trailing_stop_positive_offset"": 0.0, ""trailing_only_offset_is_reached"": false, ""max_open_trades"": 4}"
20240412-20240711,20240711-20240810,1.43,"{""params"": {""adx_period"": 13, ""adx_regime_threshold"": 33, ""atr_period"": 11, ""bb_period"": 20, ""bb_std"": 1.495, ""rsi_overbought"": 61, ""rsi_oversold"": 28, ""rsi_period"": 17, ""xrp_adx_period"": 13, ""xrp_adx_regime_threshold"": 28, ""xrp_atr_period"": 15, ""xrp_bb_period"": 18, ""xrp_bb_std"": 1.866, ""xrp_rsi_overbought"": 75, ""xrp_rsi_oversold"": 45, ""xrp_rsi_period"": 10, ""atr_stoploss_multiplier"": 2.315, ""rsi_exit"": 57, ""rsi_exit_short"": 37, ""xrp_atr_stoploss_multiplier"": 1.469, ""xrp_rsi_exit"": 68, ""xrp_rsi_exit_short"": 44}, ""minimal_roi"": {""0"": 0.587, ""226"": 0.166, ""837"": 0.055, ""1780"": 0}, ""stoploss"": -0.329, ""trailing_stop"": false, ""trailing_stop_positive"": null, ""trailing_stop_positive_offset"": 0.0, ""trailing_only_offset_is_reached"": false, ""max_open_trades"": 4}"
20240512-20240810,20240810-20240909,,"{""params"": {""adx_period"": 16, ""adx_regime_threshold"": 29, ""atr_period"": 19, ""bb_period"": 16, ""bb_std"": 2.273, ""rsi_overbought"": 63, ""rsi_oversold"": 26, ""rsi_period"": 17, ""xrp_adx_period"": 13, ""xrp_adx_regime_threshold"": 19, ""xrp_atr_period"": 20, ""xrp_bb_period"": 18, ""xrp_bb_std"": 1.991, ""xrp_rsi_overbought"": 75, ""xrp_rsi_oversold"": 27, ""xrp_rsi_period"": 16, ""atr_stoploss_multiplier"": 2.938, ""rsi_exit"": 61, ""rsi_exit_short"": 32, ""xrp_atr_stoploss_multiplier"": 2.724, ""xrp_rsi_exit"": 57, ""xrp_rsi_exit_short"": 32}, ""minimal_roi"": {""0"": 0.254, ""480"": 0.166, ""882"": 0.058, ""2301"": 0}, ""stoploss"": -0.337, ""trailing_stop"": false, ""trailing_stop_positive"": null, ""trailing_stop_positive_offset"": 0.0, ""trailing_only_offset_is_reached"": false, ""max_open_trades"": 4}"
20240611-20240909,20240909-20241009,4.31,"{""params"": {""adx_period"": 20, ""adx_regime_threshold"": 26, ""atr_period"": 20, ""bb_period"": 17, ""bb_std"": 1.677, ""rsi_overbought"": 55, ""rsi_oversold"": 37, ""rsi_period"": 13, ""xrp_adx_period"": 17, ""xrp_adx_regime_threshold"": 24, ""xrp_atr_period"": 14, ""xrp_bb_period"": 23, ""xrp_bb_std"": 1.543, ""xrp_rsi_overbought"": 61, ""xrp_rsi_oversold"": 37, ""xrp_rsi_period"": 16, ""atr_stoploss_multiplier"": 1.364, ""rsi_exit"": 69, ""rsi_exit_short"": 45, ""xrp_atr_stoploss_multiplier"": 2.381, ""xrp_rsi_exit"": 67, ""xrp_rsi_exit_short"": 39}, ""minimal_roi"": {""0"": 0.198, ""430"": 0.058, ""1062"": 0.034, ""1998"": 0}, ""stoploss"": -0.128, ""trailing_stop"": false, ""trailing_stop_positive"": null, ""trailing_stop_positive_offset"": 0.0, ""trailing_only_offset_is_reached"": false, ""max_open_trades"": 4}"
20240711-20241009,20241009-20241108,,"{""params"": {""adx_period"": 14, ""adx_regime_threshold"": 25, ""atr_period"": 11, ""bb_period"": 17, ""bb_std"": 2.314, ""rsi_overbought"": 73, ""rsi_oversold"": 26, ""rsi_period"": 12, ""xrp_adx_period"": 19, ""xrp_adx_regime_threshold"": 34, ""xrp_atr_period"": 17, ""xrp_bb_period"": 25, ""xrp_bb_std"": 1.815, ""xrp_rsi_overbought"": 61, ""xrp_rsi_oversold"": 30, ""xrp_rsi_period"": 17, ""atr_stoploss_multiplier"": 2.829, ""rsi_exit"": 67, ""rsi_exit_short"": 43, ""xrp_atr_stoploss_multiplier"": 2.697, ""xrp_rsi_exit"": 57, ""xrp_rsi_exit_short"": 38}, ""minimal_roi"": {""0"": 0.281, ""269"": 0.106, ""941"": 0.047, ""2217"": 0}, ""stoploss"": -0.155, ""trailing_stop"": false, ""trailing_stop_positive"": null, ""trailing_stop_positive_offset"": 0.0, ""trailing_only_offset_is_reached"": false, ""max_open_trades"": 4}"
20240810-20241108,20241108-20241208,,"{""params"": {""adx_period"": 20, ""adx_regime_threshold"": 33, ""atr_period"": 10, ""bb_period"": 19, ""bb_std"": 2.675, ""rsi_overbought"": 62, ""rsi_oversold"": 27, ""rsi_period"": 14, ""xrp_adx_period"": 15, ""xrp_adx_regime_threshold"": 35, ""xrp_atr_period"": 13, ""xrp_bb_period"": 22, ""xrp_bb_std"": 2.313, ""xrp_rsi_overbought"": 71, ""xrp_rsi_oversold"": 34, ""xrp_rsi_period"": 20, ""atr_stoploss_multiplier"": 1.765, ""rsi_exit"": 69, ""rsi_exit_short"": 32, ""xrp_atr_stoploss_multiplier"": 2.073, ""xrp_rsi_exit"": 59, ""xrp_rsi_exit_short"": 37}, ""minimal_roi"": {""0"": 0.475, ""219"": 0.072, ""802"": 0.027, ""1144"": 0}, ""stoploss"": -0.314, ""trailing_stop"": false, ""trailing_stop_positive"": null, ""trailing_stop_positive_offset"": 0.0, ""trailing_only_offset_is_reached"": false, ""max_open_trades"": 4}"
20240909-20241208,20241208-20250107,0.8,"{""params"": {""adx_period"": 19, ""adx_regime_threshold"": 34, ""atr_period"": 18, ""bb_period"": 19, ""bb_std"": 2.935, ""rsi_overbought"": 55, ""rsi_oversold"": 45, ""rsi_period"": 10, ""xrp_adx_period"": 15, ""xrp_adx_regime_threshold"": 27, ""xrp_atr_period"": 18, ""xrp_bb_period"": 25, ""xrp_bb_std"": 1.403, ""xrp_rsi_overbought"": 68, ""xrp_rsi_oversold"": 36, ""xrp_rsi_period"": 13, ""atr_stoploss_multiplier"": 1.798, ""rsi_exit"": 63, ""rsi_exit_short"": 44, ""xrp_atr_stoploss_multiplier"": 2.619, ""xrp_rsi_exit"": 68, ""xrp_rsi_exit_short"": 44}, ""minimal_roi"": {""0"": 0.539, ""273"": 0.207, ""394"": 0.058, ""788"": 0}, ""stoploss"": -0.331, ""trailing_stop"": false, ""trailing_stop_positive"": null, ""trailing_stop_positive_offset"": 0.0, ""trailing_only_offset_is_reached"": false, ""max_open_trades"": 4}"
20241009-20250107,20250107-20250206,,"{""params"": {""adx_period"": 17, ""adx_regime_threshold"": 33, ""atr_period"": 18, ""bb_period"": 19, ""bb_std"": 2.472, ""rsi_overbought"": 74, ""rsi_oversold"": 28, ""rsi_period"": 13, ""xrp_adx_period"": 20, ""xrp_adx_regime_threshold"": 18, ""xrp_atr_period"": 10, ""xrp_bb_period"": 22, ""xrp_bb_std"": 2.846, ""xrp_rsi_overbought"": 62, ""xrp_rsi_oversold"": 25, ""xrp_rsi_period"": 20, ""atr_stoploss_multiplier"": 1.34, ""rsi_exit"": 55, ""rsi_exit_short"": 40, ""xrp_atr_stoploss_multiplier"": 1.658, ""xrp_rsi_exit"": 58, ""xrp_rsi_exit_short"": 40}, ""minimal_roi"": {""0"": 0.556, ""252"": 0.164, ""381"": 0.07, ""840"": 0}, ""stoploss"": -0.094, ""trailing_stop"": false, ""trailing_stop_positive"": null, ""trailing_stop_positive_offset"": 0.0, ""trailing_only_offset_is_reached"": false, ""max_open_trades"": 4}"
20241108-20250206,20250206-20250308,,"{""params"": {""adx_period"": 18, ""adx_regime_threshold"": 25, ""atr_period"": 18, ""bb_period"": 18, ""bb_std"": 2.084, ""rsi_overbought"": 66, ""rsi_oversold"": 37, ""rsi_period"": 17, ""xrp_adx_period"": 15, ""xrp_adx_regime_threshold"": 32, ""xrp_atr_period"": 12, ""xrp_bb_period"": 18, ""xrp_bb_std"": 2.734, ""xrp_rsi_overbought"": 70, ""xrp_rsi_oversold"": 43, ""xrp_rsi_period"": 12, ""atr_stoploss_multiplier"": 2.039, ""rsi_exit"": 65, ""rsi_exit_short"": 40, ""xrp_atr_stoploss_multiplier"": 2.855, ""xrp_rsi_exit"": 62, ""xrp_rsi_exit_short"": 30}, ""minimal_roi"": {""0"": 0.48, ""138"": 0.053, ""496"": 0.023, ""1816"": 0}, ""stoploss"": -0.156, ""trailing_stop"": false, ""trailing_stop_positive"": null, ""trailing_stop_positive_offset"": 0.0, ""trailing_only_offset_is_reached"": false, ""max_open_trades"": 4}"
20241208-20250308,20250308-20250407,0.11,"{""params"": {""adx_period"": 15, ""adx_regime_threshold"": 28, ""atr_period"": 17, ""bb_period"": 19, ""bb_std"": 2.658, ""rsi_overbought"": 60, ""rsi_oversold"": 31, ""rsi_period"": 10, ""xrp_adx_period"": 16, ""xrp_adx_regime_threshold"": 22, ""xrp_atr_period"": 20, ""xrp_bb_period"": 25, ""xrp_bb_std"": 2.471, ""xrp_rsi_overbought"": 57, ""xrp_rsi_oversold"": 29, ""xrp_rsi_period"": 16, ""atr_stoploss_multiplier"": 2.263, ""rsi_exit"": 68, ""rsi_exit_short"": 33, ""xrp_atr_stoploss_multiplier"": 1.332, ""xrp_rsi_exit"": 61, ""xrp_rsi_exit_short"": 35}, ""minimal_roi"": {""0"": 0.316, ""452"": 0.243, ""877"": 0.091, ""1877"": 0}, ""stoploss"": -0.303, ""trailing_stop"": false, ""trailing_stop_positive"": null, ""trailing_stop_positive_offset"": 0.0, ""trailing_only_offset_is_reached"": false, ""max_open_trades"": 4}"
20250107-20250407,20250407-20250507,,"{""params"": {""adx_period"": 10, ""adx_regime_threshold"": 24, ""atr_period"": 12, ""bb_period"": 25, ""bb_std"": 2.262, ""rsi_overbought"": 67, ""rsi_oversold"": 28, ""rsi_period"": 12, ""xrp_adx_period"": 11, ""xrp_adx_regime_threshold"": 34, ""xrp_atr_period"": 19, ""xrp_bb_period"": 18, ""xrp_bb_std"": 2.664, ""xrp_rsi_overbought"": 60, ""xrp_rsi_oversold"": 41, ""xrp_rsi_period"": 11, ""atr_stoploss_multiplier"": 1.63, ""rsi_exit"": 58, ""rsi_exit_short"": 34, ""xrp_atr_stoploss_multiplier"": 1.848, ""xrp_rsi_exit"": 68, ""xrp_rsi_exit_short"": 39}, ""minimal_roi"": {""0"": 0.568, ""316"": 0.177, ""986"": 0.066, ""2306"": 0}, ""stoploss"": -0.211, ""trailing_stop"": false, ""trailing_stop_positive"": null, ""trailing_stop_positive_offset"": 0.0, ""trailing_only_offset_is_reached"": false, ""max_open_trades"": 4}"
20250206-20250507,20250507-20250606,,"{""params"": {""adx_period"": 18, ""adx_regime_threshold"": 34, ""atr_period"": 10, ""bb_period"": 24, ""bb_std"": 2.643, ""rsi_overbought"": 62, ""rsi_oversold"": 25, ""rsi_period"": 11, ""xrp_adx_period"": 16, ""xrp_adx_regime_threshold"": 18, ""xrp_atr_period"": 17, ""xrp_bb_period"": 16, ""xrp_bb_std"": 2.102, ""xrp_rsi_overbought"": 59, ""xrp_rsi_oversold"": 36, ""xrp_rsi_period"": 19, ""atr_stoploss_multiplier"": 2.386, ""rsi_exit"": 64, ""rsi_exit_short"": 30, ""xrp_atr_stoploss_multiplier"": 2.845, ""xrp_rsi_exit"": 60, ""xrp_rsi_exit_short"": 38}, ""minimal_roi"": {""0"": 0.591, ""234"": 0.21, ""657"": 0.079, ""1357"": 0}, ""stoploss"": -0.03, ""trailing_stop"": false, ""trailing_stop_positive"": null, ""trailing_stop_positive_offset"": 0.0, ""trailing_only_offset_is_reached"": false, ""max_open_trades"": 4}"
20250308-20250606,20250606-20250706,,"{""params"": {""adx_period"": 11, ""adx_regime_threshold"": 35, ""atr_period"": 12, ""bb_period"": 22, ""bb_std"": 2.959, ""rsi_overbought"": 74, ""rsi_oversold"": 38, ""rsi_period"": 17, ""xrp_adx_period"": 12, ""xrp_adx_regime_threshold"": 23, ""xrp_atr_period"": 10, ""xrp_bb_period"": 22, ""xrp_bb_std"": 2.388, ""xrp_rsi_overbought"": 59, ""xrp_rsi_oversold"": 36, ""xrp_rsi_period"": 16, ""atr_stoploss_multiplier"": 2.089, ""rsi_exit"": 61, ""rsi_exit_short"": 42, ""xrp_atr_stoploss_multiplier"": 2.196, ""xrp_rsi_exit"": 55, ""xrp_rsi_exit_short"": 37}, ""minimal_roi"": {""0"": 0.406, ""424"": 0.075, ""849"": 0.038, ""1158"": 0}, ""stoploss"": -0.278, ""trailing_stop"": false, ""trailing_stop_positive"": null, ""trailing_stop_positive_offset"": 0.0, ""trailing_only_offset_is_reached"": false, ""max_open_trades"": 4}"
20250407-20250706,20250706-20250805,1.75,"{""params"": {""adx_period"": 14, ""adx_regime_threshold"": 22, ""atr_period"": 20, ""bb_period"": 19, ""bb_std"": 1.447, ""rsi_overbought"": 72, ""rsi_oversold"": 44, ""rsi_period"": 20, ""xrp_adx_period"": 15, ""xrp_adx_regime_threshold"": 29, ""xrp_atr_period"": 10, ""xrp_bb_period"": 18, ""xrp_bb_std"": 2.568, ""xrp_rsi_overbought"": 71, ""xrp_rsi_oversold"": 29, ""xrp_rsi_period"": 10, ""atr_stoploss_multiplier"": 2.35, ""rsi_exit"": 62, ""rsi_exit_short"": 42, ""xrp_atr_stoploss_multiplier"": 1.956, ""xrp_rsi_exit"": 65, ""xrp_rsi_exit_short"": 43}, ""minimal_roi"": {""0"": 0.279, ""235"": 0.099, ""595"": 0.066, ""1150"": 0}, ""stoploss"": -0.24, ""trailing_stop"": false, ""trailing_stop_positive"": null, ""trailing_stop_positive_offset"": 0.0, ""trailing_only_offset_is_reached"": false, ""max_open_trades"": 4}"
20250507-20250805,20250805-20250904,,"{""params"": {""adx_period"": 17, ""adx_regime_threshold"": 28, ""atr_period"": 10, ""bb_period"": 22, ""bb_std"": 2.675, ""rsi_overbought"": 71, ""rsi_oversold"": 42, ""rsi_period"": 13, ""xrp_adx_period"": 15, ""xrp_adx_regime_threshold"": 31, ""xrp_atr_period"": 15, ""xrp_bb_period"": 24, ""xrp_bb_std"": 1.331, ""xrp_rsi_overbought"": 74, ""xrp_rsi_oversold"": 32, ""xrp_rsi_period"": 15, ""atr_stoploss_multiplier"": 2.962, ""rsi_exit"": 64, ""rsi_exit_short"": 31, ""xrp_atr_stoploss_multiplier"": 2.714, ""xrp_rsi_exit"": 57, ""xrp_rsi_exit_short"": 31}, ""minimal_roi"": {""0"": 0.376, ""242"": 0.173, ""453"": 0.092, ""1774"": 0}, ""stoploss"": -0.338, ""trailing_stop"": false, ""trailing_stop_positive"": null, ""trailing_stop_positive_offset"": 0.0, ""trailing_only_offset_is_reached"": false, ""max_open_trades"": 4}"
20250606-20250904,20250904-20251004,0.68,"{""params"": {""adx_period"": 19, ""adx_regime_threshold"": 24, ""atr_period"": 19, ""bb_period"": 23, ""bb_std"": 1.52, ""rsi_overbought"": 71, ""rsi_oversold"": 35, ""rsi_period"": 19, ""xrp_adx_period"": 15, ""xrp_adx_regime_threshold"": 21, ""xrp_atr_period"": 15, ""xrp_bb_period"": 15, ""xrp_bb_std"": 2.415, ""xrp_rsi_overbought"": 60, ""xrp_rsi_oversold"": 35, ""xrp_rsi_period"": 10, ""atr_stoploss_multiplier"": 1.303, ""rsi_exit"": 63, ""rsi_exit_short"": 31, ""xrp_atr_stoploss_multiplier"": 2.203, ""xrp_rsi_exit"": 67, ""xrp_rsi_exit_short"": 41}, ""minimal_roi"": {""0"": 0.404, ""331"": 0.083, ""664"": 0.06, ""1423"": 0}, ""stoploss"": -0.195, ""trailing_stop"": false, ""trailing_stop_positive"": null, ""trailing_stop_positive_offset"": 0.0, ""trailing_only_offset_is_reached"": false, ""max_open_trades"": 4}"
20250706-20251004,20251004-20251103,2.23,"{""params"": {""adx_period"": 19, ""adx_regime_threshold"": 19, ""atr_period"": 14, ""bb_period"": 22, ""bb_std"": 2.409, ""rsi_overbought"": 59, ""rsi_oversold"": 36, ""rsi_period"": 16, ""xrp_adx_period"": 10, ""xrp_adx_regime_threshold"": 24, ""xrp_atr_period"": 14, ""xrp_bb_period"": 25, ""xrp_bb_std"": 2.628, ""xrp_rsi_overbought"": 65, ""xrp_rsi_oversold"": 28, ""xrp_rsi_period"": 12, ""atr_stoploss_multiplier"": 2.26, ""rsi_exit"": 64, ""rsi_exit_short"": 33, ""xrp_atr_stoploss_multiplier"": 1.972, ""xrp_rsi_exit"": 57, ""xrp_rsi_exit_short"": 40}, ""minimal_roi"": {""0"": 0.512, ""228"": 0.164, ""942"": 0.063, ""1248"": 0}, ""stoploss"": -0.167, ""trailing_stop"": false, ""trailing_stop_positive"": null, ""trailing_stop_positive_offset"": 0.0, ""trailing_only_offset_is_reached"": false, ""max_open_trades"": 4}"
20250805-20251103,20251103-20251203,1.85,"{""params"": {""adx_period"": 12, ""adx_regime_threshold"": 20, ""atr_period"": 15, ""bb_period"": 21, ""bb_std"": 1.296, ""rsi_overbought"": 69, ""rsi_oversold"": 39, ""rsi_period"": 13, ""xrp_adx_period"": 18, ""xrp_adx_regime_threshold"": 30, ""xrp_atr_period"": 20, ""xrp_bb_period"": 22, ""xrp_bb_std"": 2.71, ""xrp_rsi_overbought"": 57, ""xrp_rsi_oversold"": 28, ""xrp_rsi_period"": 17, ""atr_stoploss_multiplier"": 2.927, ""rsi_exit"": 63, ""rsi_exit_short"": 43, ""xrp_atr_stoploss_multiplier"": 1.532, ""xrp_rsi_exit"": 64, ""xrp_rsi_exit_short"": 31}, ""minimal_roi"": {""0"": 0.401, ""316"": 0.133, ""632"": 0.086, ""1773"": 0}, ""stoploss"": -0.102, ""trailing_stop"": false, ""trailing_stop_positive"": null, ""trailing_stop_positive_offset"": 0.0, ""trailing_only_offset_is_reached"": false, ""max_open_trades"": 4}"
20250904-20251203,20251203-20260102,3.69,"{""params"": {""adx_period"": 15, ""adx_regime_threshold"": 27, ""atr_period"": 15, ""bb_period"": 22, ""bb_std"": 2.843, ""rsi_overbought"": 56, ""rsi_oversold"": 39, ""rsi_period"": 11, ""xrp_adx_period"": 10, ""xrp_adx_regime_threshold"": 26, ""xrp_atr_period"": 17, ""xrp_bb_period"": 15, ""xrp_bb_std"": 1.386, ""xrp_rsi_overbought"": 63, ""xrp_rsi_oversold"": 41, ""xrp_rsi_period"": 15, ""atr_stoploss_multiplier"": 1.434, ""rsi_exit"": 64, ""rsi_exit_short"": 42, ""xrp_atr_stoploss_multiplier"": 1.514, ""xrp_rsi_exit"": 65, ""xrp_rsi_exit_short"": 35}, ""minimal_roi"": {""0"": 0.338, ""160"": 0.215, ""589"": 0.067, ""1626"": 0}, ""stoploss"": -0.195, ""trailing_stop"": false, ""trailing_stop_positive"": null, ""trailing_stop_positive_offset"": 0.0, ""trailing_only_offset_is_reached"": false, ""max_open_trades"": 4}"
20251004-20260102,20260102-20260201,3.19,"{""params"": {""adx_period"": 10, ""adx_regime_threshold"": 32, ""atr_period"": 16, ""bb_period"": 18, ""bb_std"": 2.717, ""rsi_overbought"": 58, ""rsi_oversold"": 43, ""rsi_period"": 18, ""xrp_adx_period"": 13, ""xrp_adx_regime_threshold"": 19, ""xrp_atr_period"": 12, ""xrp_bb_period"": 16, ""xrp_bb_std"": 1.224, ""xrp_rsi_overbought"": 55, ""xrp_rsi_oversold"": 26, ""xrp_rsi_period"": 12, ""atr_stoploss_multiplier"": 1.776, ""rsi_exit"": 62, ""rsi_exit_short"": 38, ""xrp_atr_stoploss_multiplier"": 2.129, ""xrp_rsi_exit"": 60, ""xrp_rsi_exit_short"": 35}, ""minimal_roi"": {""0"": 0.251, ""191"": 0.155, ""661"": 0.078, ""1107"": 0}, ""stoploss"": -0.261, ""trailing_stop"": false, ""trailing_stop_positive"": null, ""trailing_stop_positive_offset"": 0.0, ""trailing_only_offset_is_reached"": false, ""max_open_trades"": 4}"
20251103-20260201,20260201-20260303,1.8,"{""params"": {""adx_period"": 17, ""adx_regime_threshold"": 21, ""atr_period"": 16, ""bb_period"": 15, ""bb_std"": 2.951, ""rsi_overbought"": 69, ""rsi_oversold"": 31, ""rsi_period"": 19, ""xrp_adx_period"": 10, ""xrp_adx_regime_threshold"": 21, ""xrp_atr_period"": 17, ""xrp_bb_period"": 19, ""xrp_bb_std"": 2.306, ""xrp_rsi_overbought"": 56, ""xrp_rsi_oversold"": 37, ""xrp_rsi_period"": 10, ""atr_stoploss_multiplier"": 1.627, ""rsi_exit"": 68, ""rsi_exit_short"": 37, ""xrp_atr_stoploss_multiplier"": 2.339, ""xrp_rsi_exit"": 67, ""xrp_rsi_exit_short"": 43}, ""minimal_roi"": {""0"": 0.303, ""461"": 0.168, ""779"": 0.082, ""1923"": 0}, ""stoploss"": -0.115, ""trailing_stop"": false, ""trailing_stop_positive"": null, ""trailing_stop_positive_offset"": 0.0, ""trailing_only_offset_is_reached"": false, ""max_open_trades"": 4}"
20251203-20260303,20260303-20260402,2.92,"{""params"": {""adx_period"": 18, ""adx_regime_threshold"": 32, ""atr_period"": 13, ""bb_period"": 17, ""bb_std"": 2.136, ""rsi_overbought"": 70, ""rsi_oversold"": 31, ""rsi_period"": 11, ""xrp_adx_period"": 11, ""xrp_adx_regime_threshold"": 21, ""xrp_atr_period"": 18, ""xrp_bb_period"": 25, ""xrp_bb_std"": 2.543, ""xrp_rsi_overbought"": 68, ""xrp_rsi_oversold"": 36, ""xrp_rsi_period"": 18, ""atr_stoploss_multiplier"": 2.562, ""rsi_exit"": 64, ""rsi_exit_short"": 41, ""xrp_atr_stoploss_multiplier"": 1.918, ""xrp_rsi_exit"": 62, ""xrp_rsi_exit_short"": 32}, ""minimal_roi"": {""0"": 0.223, ""290"": 0.112, ""628"": 0.071, ""1806"": 0}, ""stoploss"": -0.19, ""trailing_stop"": false, ""trailing_stop_positive"": null, ""trailing_stop_positive_offset"": 0.0, ""trailing_only_offset_is_reached"": false, ""max_open_trades"": 4}"
20260102-20260402,20260402-20260502,,"{""params"": {""adx_period"": 14, ""adx_regime_threshold"": 32, ""atr_period"": 16, ""bb_period"": 16, ""bb_std"": 2.397, ""rsi_overbought"": 70, ""rsi_oversold"": 28, ""rsi_period"": 15, ""xrp_adx_period"": 17, ""xrp_adx_regime_threshold"": 31, ""xrp_atr_period"": 14, ""xrp_bb_period"": 24, ""xrp_bb_std"": 2.654, ""xrp_rsi_overbought"": 57, ""xrp_rsi_oversold"": 36, ""xrp_rsi_period"": 16, ""atr_stoploss_multiplier"": 1.671, ""rsi_exit"": 65, ""rsi_exit_short"": 35, ""xrp_atr_stoploss_multiplier"": 2.443, ""xrp_rsi_exit"": 57, ""xrp_rsi_exit_short"": 41}, ""minimal_roi"": {""0"": 0.258, ""285"": 0.105, ""689"": 0.071, ""1235"": 0}, ""stoploss"": -0.121, ""trailing_stop"": false, ""trailing_stop_positive"": null, ""trailing_stop_positive_offset"": 0.0, ""trailing_only_offset_is_reached"": false, ""max_open_trades"": 4}"
20260201-20260502,20260502-20260601,0.65,"{""params"": {""adx_period"": 20, ""adx_regime_threshold"": 22, ""atr_period"": 18, ""bb_period"": 19, ""bb_std"": 2.23, ""rsi_overbought"": 70, ""rsi_oversold"": 40, ""rsi_period"": 20, ""xrp_adx_period"": 10, ""xrp_adx_regime_threshold"": 21, ""xrp_atr_period"": 18, ""xrp_bb_period"": 21, ""xrp_bb_std"": 1.349, ""xrp_rsi_overbought"": 62, ""xrp_rsi_oversold"": 25, ""xrp_rsi_period"": 13, ""atr_stoploss_multiplier"": 2.348, ""rsi_exit"": 59, ""rsi_exit_short"": 40, ""xrp_atr_stoploss_multiplier"": 1.279, ""xrp_rsi_exit"": 59, ""xrp_rsi_exit_short"": 34}, ""minimal_roi"": {""0"": 0.472, ""132"": 0.128, ""326"": 0.083, ""597"": 0}, ""stoploss"": -0.267, ""trailing_stop"": false, ""trailing_stop_positive"": null, ""trailing_stop_positive_offset"": 0.0, ""trailing_only_offset_is_reached"": false, ""max_open_trades"": 4}"
20260303-20260601,20260601-20260701,3.61,"{""params"": {""adx_period"": 12, ""adx_regime_threshold"": 25, ""atr_period"": 14, ""bb_period"": 16, ""bb_std"": 2.702, ""rsi_overbought"": 59, ""rsi_oversold"": 39, ""rsi_period"": 12, ""xrp_adx_period"": 17, ""xrp_adx_regime_threshold"": 18, ""xrp_atr_period"": 16, ""xrp_bb_period"": 22, ""xrp_bb_std"": 1.951, ""xrp_rsi_overbought"": 60, ""xrp_rsi_oversold"": 31, ""xrp_rsi_period"": 13, ""atr_stoploss_multiplier"": 1.789, ""rsi_exit"": 55, ""rsi_exit_short"": 42, ""xrp_atr_stoploss_multiplier"": 1.28, ""xrp_rsi_exit"": 56, ""xrp_rsi_exit_short"": 36}, ""minimal_roi"": {""0"": 0.426, ""278"": 0.198, ""926"": 0.051, ""1249"": 0}, ""stoploss"": -0.237, ""trailing_stop"": false, ""trailing_stop_positive"": null, ""trailing_stop_positive_offset"": 0.0, ""trailing_only_offset_is_reached"": false, ""max_open_trades"": 4}"
20260402-20260701,20260701-20260731,4.1,"{""params"": {""adx_period"": 14, ""adx_regime_threshold"": 31, ""atr_period"": 12, ""bb_period"": 17, ""bb_std"": 1.745, ""rsi_overbought"": 69, ""rsi_oversold"": 36, ""rsi_period"": 16, ""xrp_adx_period"": 11, ""xrp_adx_regime_threshold"": 31, ""xrp_atr_period"": 14, ""xrp_bb_period"": 22, ""xrp_bb_std"": 2.02, ""xrp_rsi_overbought"": 62, ""xrp_rsi_oversold"": 43, ""xrp_rsi_period"": 12, ""atr_stoploss_multiplier"": 2.179, ""rsi_exit"": 66, ""rsi_exit_short"": 30, ""xrp_atr_stoploss_multiplier"": 1.26, ""xrp_rsi_exit"": 66, ""xrp_rsi_exit_short"": 37}, ""minimal_roi"": {""0"": 0.556, ""406"": 0.1, ""684"": 0.06, ""1406"": 0}, ""stoploss"": -0.263, ""trailing_stop"": false, ""trailing_stop_positive"": null, ""trailing_stop_positive_offset"": 0.0, ""trailing_only_offset_is_reached"": false, ""max_open_trades"": 4}"
